AntoinetteRamirezistockphoto-1176363686-612x612.jpg,97229554,Antoinette,G,Ramirez,1899-07-02,0949-000-0000,Married,antoine,password123,antoinetter@gmail.com
RobertThomasistockphoto-517998264-612x612.jpeg,35690680,Robert,Flower,Thomas,1950-07-02,0949-000-0000,Widowed,robertthomas,roberpass,roberethomas@gmail.com
MaryGrey360_F_236011345_3W03mLyEwnqy7NmLPjRAkIRJWxMu9Rp3.jpg,23263776,Mary,Patterson,Grey,1975-12-06,0912-345-6789,Married,mary456g,mary456gpass,mary456g@gmail.com
BettyCrimuserphoto2.jpg,21180988,Betty,Live,Crim,1980-12-06,0912-345-6789,Single,bettyecrim,asdfsadfgsdfsdf,bettyewcrim@gmail.com
CharlesMazasample-profile.png,12705910,Charles,Nigel,Maza,1992-12-06,0912-345-6789,Married,charlesmazza13456,charles1290,charlesmazza@gmail.com
"NoroZaidePROFILE PIC.jpg",13968633,Noro,"Palma Gil",Zaide,1993-12-02,0949-000-0000,Single,noroddienzaide.yns,noropass,noroddienzaide.yns@gmail.com
JoshuaHulseyimages.png,50839298,Joshua,Cry,Hulsey,1981-12-02,0949-000-0000,Divorced,joshuahulsey,asdsadfasf,joshuahulsey@gmail.com
KarenPearsonuserphoto2.jpg,91074357,Karen,P,Pearson,1981-12-02,0949-000-0000,Single,kareandpear,asffsdgscsac,karenpearson@gmail.com
KarenThompsondownload.png,82046844,Karen,P,Thompson,1979-12-02,0912-456-7896,Married,kathryntmp,sdsafsdfgsdf,kathyrnthompson@gmail.com
LynnLynn360_F_236011345_3W03mLyEwnqy7NmLPjRAkIRJWxMu9Rp3.jpg,33264563,Lynn,Howard,Lynn,1989-12-02,0912-456-7896,Single,lynnhoward,asdasdwdwlynn,lynnhoward@gmail.com
NorkhailaZaideuserphoto2.jpg,78546606,Norkhaila,"Palma Gil",Zaide,2011-07-02,0949-000-0000,Single,norkhailazaide,norkahilaasdfasdsad,norkhailazaide@gmail.com
RobertSample123172.png,56367485,Robert,Sample,Sample,1975-07-02,0949-000-0000,Married,robertcearl,roberpass,robertearl@gmail.com
RobertSample123172.png,56367485,Robert,Sample,Sample,1975-07-02,0949-000-0000,Married,robertcearl,roberpass,robertearl@gmail.com
RobertSample123172.png,56367485,Robert,Sample,Sample,1975-07-02,0949-000-0000,Married,robertcearl,roberpass,robertearl@gmail.com
RobertSample123172.png,56367485,Robert,Sample,Sample,1975-07-02,0949-000-0000,Married,robertcearl,roberpass,robertearl@gmail.com
"Sample NameSamplesample-profile.png",13042099,"Sample Name",Sample,Sample,2022-07-02,0949-000-0000,Single,sample,sample,sample@gmail.com
"Sample NameSamplesample-profile.png",13042099,"Sample Name",Sample,Sample,2022-07-02,0949-000-0000,Single,sample,sample,sample@gmail.com
asdasdasdasd360_F_236011345_3W03mLyEwnqy7NmLPjRAkIRJWxMu9Rp3.jpg,92008137,asdasd,asdasd,asdasd,2022-07-02,0949-000-0000,Single,asdasd,asdasd,sample@gmail.com
dummydummysample-profile.png,99902720,dummy,dummy,dummy,2022-07-02,0949-000-0000,Single,dummy,dummy,dummy@gmail.com
dummydummysample-profile.png,99902721,dummy,dummy,dummy,2022-07-02,0949-000-0000,Single,dummy,dummy,dummy@gmail.com
dummydummysample-profile.png,99902722,dummy,dummy,dummy,2022-07-02,0949-000-0000,Single,dummy,dummy,dummy@gmail.com
dummydummysample-profile.png,99902723,dummy,dummy,dummy,2022-07-02,0949-000-0000,Single,dummy,dummy,dummy@gmail.com
dummydummysample-profile.png,99902724,dummy,dummy,dummy,2022-07-02,0949-000-0000,Single,dummy,dummy,dummy@gmail.com
dummydummysample-profile.png,99902725,dummy,dummy,dummy,2022-07-02,0949-000-0000,Single,dummy,dummy,dummy@gmail.com
dummydummysample-profile.png,99902726,dummy,dummy,dummy,2022-07-02,0949-000-0000,Single,dummy,dummy,dummy@gmail.com
dummydummysample-profile.png,99902727,dummy,dummy,dummy,2022-07-02,0949-000-0000,Single,dummy,dummy,dummy@gmail.com
dummydummysample-profile.png,99902728,dummy,dummy,dummy,2022-07-02,0949-000-0000,Single,dummy,dummy,dummy@gmail.com
dummydummysample-profile.png,99902729,dummy,dummy,dummy,2022-07-02,0949-000-0000,Single,dummy,dummy,dummy@gmail.com
dummydummysample-profile.png,99902730,dummy,dummy,dummy,2022-07-02,0949-000-0000,Single,dummy,dummy,dummy@gmail.com
dummydummysample-profile.png,99902731,dummy,dummy,dummy,2022-07-02,0949-000-0000,Single,dummy,dummy,dummy@gmail.com
dummydummysample-profile.png,99902732,dummy,dummy,dummy,2022-07-02,0949-000-0000,Single,dummy,dummy,dummy@gmail.com
dummydummysample-profile.png,99902733,dummy,dummy,dummy,2022-07-02,0949-000-0000,Single,dummy,dummy,dummy@gmail.com
dummydummysample-profile.png,99902734,dummy,dummy,dummy,2022-07-02,0949-000-0000,Single,dummy,dummy,dummy@gmail.com
dummydummysample-profile.png,99902735,dummy,dummy,dummy,2022-07-02,0949-000-0000,Single,dummy,dummy,dummy@gmail.com
dummydummysample-profile.png,99902736,dummy,dummy,dummy,2022-07-02,0949-000-0000,Single,dummy,dummy,dummy@gmail.com
dummydummysample-profile.png,99902737,dummy,dummy,dummy,2022-07-02,0949-000-0000,Single,dummy,dummy,dummy@gmail.com
dummydummysample-profile.png,99902738,dummy,dummy,dummy,2022-07-02,0949-000-0000,Single,dummy,dummy,dummy@gmail.com
dummydummysample-profile.png,99902739,dummy,dummy,dummy,2022-07-02,0949-000-0000,Single,dummy,dummy,dummy@gmail.com
dummydummysample-profile.png,99902740,dummy,dummy,dummy,2022-07-02,0949-000-0000,Single,dummy,dummy,dummy@gmail.com
dummydummysample-profile.png,99902741,dummy,dummy,dummy,2022-07-02,0949-000-0000,Single,dummy,dummy,dummy@gmail.com
dummydummysample-profile.png,99902742,dummy,dummy,dummy,2022-07-02,0949-000-0000,Single,dummy,dummy,dummy@gmail.com
dummydummysample-profile.png,99902743,dummy,dummy,dummy,2022-07-02,0949-000-0000,Single,dummy,dummy,dummy@gmail.com
HelloInevitable123172.png,57285763,Hello,"I Am",Inevitable,2022-07-02,0949-000-0000,Single,hello,hello,hello@gmail.com
AdeleAdeladownload.png,91345033,Adele,Ade,Adela,1989-07-02,0949-000-0000,Married,helloagain,yesadele,fromtheotherside@gmail.com
AdeleAdeladownload.png,91345033,Adele,Ade,Adela,1989-07-02,0949-000-0000,Married,helloagain,yesadele,fromtheotherside@gmail.com
asdasdasfececwecistockphoto-1176363686-612x612.jpg,27311983,asdasdasfece,asdas,cwec,2022-07-02,0949-000-0000,Single,asdasdasd,asdasd,sample@gmail.com
asdasdasfececwecistockphoto-1176363686-612x612.jpg,27311983,asdasdasfece,asdas,cwec,2022-07-02,0949-000-0000,Single,asdasdasd,asdasd,sample@gmail.com
asdasdasfececwecistockphoto-1176363686-612x612.jpg,27311983,asdasdasfece,asdas,cwec,2022-07-02,0949-000-0000,Single,asdasdasd,asdasd,sample@gmail.com
asdasdasfececwecistockphoto-1176363686-612x612.jpg,27311983,asdasdasfece,asdas,cwec,2022-07-02,0949-000-0000,Single,asdasdasd,asdasd,sample@gmail.com
asdasdasfececwecistockphoto-1176363686-612x612.jpg,27311983,asdasdasfece,asdas,cwec,2022-07-02,0949-000-0000,Single,asdasdasd,asdasd,sample@gmail.com
asdasdasfececwecistockphoto-1176363686-612x612.jpg,27311983,asdasdasfece,asdas,cwec,2022-07-02,0949-000-0000,Single,asdasdasd,asdasd,sample@gmail.com
asdasdasfececwecistockphoto-1176363686-612x612.jpg,27311983,asdasdasfece,asdas,cwec,2022-07-02,0949-000-0000,Single,asdasdasd,asdasd,sample@gmail.com
asdasdasfececwecistockphoto-1176363686-612x612.jpg,27311983,asdasdasfece,asdas,cwec,2022-07-02,0949-000-0000,Single,asdasdasd,asdasd,sample@gmail.com
asdasdasfececwecistockphoto-1176363686-612x612.jpg,27311983,asdasdasfece,asdas,cwec,2022-07-02,0949-000-0000,Single,asdasdasd,asdasd,sample@gmail.com
asdasd123172.png,50520559,asd,asd,asd,2022-07-02,0949-000-0000,Single,asdas,asdasdasd,sample@gmail.com
sdfsdfsdfasd123172.png,91559148,sdfsdfsdf,asd,asd,2022-07-02,0949-000-0000,Single,asdas,sdfsdfsdf,sample@gmail.com
NoroZaide123172.png,62185555,Noro,Sample,Zaide,2022-07-03,0949-000-0000,Single,asdasd,asdasd,noroddienzaide.yns@gmail.com
asdasdasdasdasdsample-profile.png,76932615,asdasd,asdasdasd,asdasdasd,2022-07-03,0949-000-0000,Single,asdasd,asdasdas,noroddienzaide.yns@gmail.com
"Dolan McclainPaki Maxwellprofile.png",16318712,"Dolan Mcclain","Joshua Gross","Paki Maxwell",1972-09-02,0949-000-0000,Widowed,gylycuw,Pa$$w0rd!,figerekuny@mailinator.com
